{"engineId":"45de723b-5ba1-4334-88e7-f364693c06e7","engineName":"Actor","rdbmsId":"cd6804f9-2678-4b13-90da-d2551001a94c","varstore":{},"frames":[{"file":"@BaseFolder@\\db\\@ENGINE@\\version\\cd6804f9-2678-4b13-90da-d2551001a94c\\FRAME.gz","meta":"@BaseFolder@\\db\\@ENGINE@\\version\\cd6804f9-2678-4b13-90da-d2551001a94c\\METADATA__FRAME.owl","state":null,"type":"prerna.ds.h2.H2Frame","name":"FRAME","keys":["$CUR_FRAME_KEY","FRAME"]}],"panels":[{"panelId":"0","panelLabel":null,"view":"visualization","viewOptions":null,"viewOptionsMap":"{}","ornaments":"{}","events":"{}","comments":"{}","position":"{}","filters":[],"order":[],"cbv":{}}],"tasks":{"tasks":[{"type":"basic","task":{"taskType":"basic","id":"task1","numCollected":500,"internalOffset":0,"taskOptions":"{\"options\":{\"0\":{\"layout\":\"Grid\",\"alignment\":{\"label\":[\"Title\",\"Year\",\"BestActor\"]}}}}","qs":{"qsType":"FRAME","isDistinct":true,"overrideImplicit":false,"limit":0,"offset":0,"relations":"{}","selectors":["COLUMN",{"table":"Title","column":"PRIM_KEY_PLACEHOLDER","alias":"Title","tableAlias":null},"COLUMN",{"table":"Year","column":"PRIM_KEY_PLACEHOLDER","alias":"Year","tableAlias":null},"COLUMN",{"table":"BestActor","column":"PRIM_KEY_PLACEHOLDER","alias":"BestActor","tableAlias":null}]}}}],"taskCounter":2},"recipe":["AddPanel ( 0 ) ;","Panel ( 0 ) | SetPanelView ( \"visualization\" ) ;","CreateFrame ( grid ) .as ( [ FRAME ] ) ;","Database ( \"45de723b-5ba1-4334-88e7-f364693c06e7\" ) | Select ( Title , Title__Year , Title__BestActor ) | Limit ( 500 ) | Import ( ) ;","Frame ( ) | Select ( Title , Year , BestActor ) | Format ( type = [ 'table' ] ) | TaskOptions ( { \"0\" : { \"layout\" : \"Grid\" , \"alignment\" : { \"label\" : [ \"Title\" , \"Year\" , \"BestActor\" ] } } } ) | Collect ( 500 ) ;"]}