{"insightID":"0f09d5f8-a4fc-454c-acee-db6282209dac","pixelReturn":[{"pixelExpression":"Frame ( ) | Select ( Title , Year , BestActor ) | Format ( type = [ 'table' ] ) | TaskOptions ( { \"0\" : { \"layout\" : \"Grid\" , \"alignment\" : { \"label\" : [ \"Title\" , \"Year\" , \"BestActor\" ] } } } ) | Collect ( 500 ) ;","isMeta":false,"output":{"data":{"values":[["...And_Justice_for_All",1979,"N"],["127_Hours",2010,"N"],["12_Years_a_Slave",2013,"N"],["A_Beautiful_Mind",2001,"N"],["A_Better_Life",2011,"N"],["A_Double_Life",1947,"Y"],["A_Hatful_of_Rain",1957,"N"],["A_Man_for_All_Seasons",1966,"Y"],["A_Place_in_the_Sun",1951,"N"],["A_Single_Man",2009,"N"],["A_Song_to_Remember",1945,"N"],["A_Special_Day",1977,"N"],["A_Star_Is_Born",1954,"N"],["A_Streetcar_Named_Desire",1951,"N"],["Abe_Lincoln_in_Illinois",1940,"N"],["About_Schmidt",2002,"N"],["Absence_of_Malice",1981,"N"],["Adaptation.",2002,"N"],["Adventures_of_Robinson_Crusoe",1954,"N"],["Affliction",1998,"N"],["Alfie",1966,"N"],["Ali",2001,"N"],["All_That_Jazz",1979,"N"],["All_the_Kings_Men",1949,"Y"],["Amadeus",1984,"N"],["Amadeus",1984,"Y"],["American_Beauty",1999,"Y"],["American_History_X",1998,"N"],["American_Hustle",2013,"N"],["Anatomy_of_a_Murder",1959,"N"],["Anchors_Aweigh",1945,"N"],["Anne_of_the_Thousand_Days",1969,"N"],["Annie_Hall",1977,"N"],["Arthur",1981,"N"],["As_Good_as_It_Gets",1997,"Y"],["Atlantic_City",1981,"N"],["Awakenings",1990,"N"],["Bad_Day_at_Black_Rock",1955,"N"],["Becket",1964,"N"],["Before_Night_Falls",2000,"N"],["Being_There",1979,"N"],["Ben-Hur",1959,"Y"],["Big",1988,"N"],["Birdman_of_Alcatraz",1962,"N"],["Biutiful",2010,"N"],["Blood_Diamond",2006,"N"],["Body_and_Soul",1947,"N"],["Bonnie_and_Clyde",1967,"N"],["Born_on_the_Fourth_of_July",1989,"N"],["Bright_Victory",1951,"N"],["Broadcast_News",1987,"N"],["Brokeback_Mountain",2005,"N"],["Bugsy",1991,"N"],["Cape_Fear",1991,"N"],["Capote",2005,"Y"],["Casablanca",1943,"N"],["Cast_Away",2000,"N"],["Cat_Ballou",1965,"Y"],["Cat_on_a_Hot_Tin_Roof",1958,"N"],["Champion",1949,"N"],["Chaplin",1992,"N"],["Charly",1968,"Y"],["Children_of_a_Lesser_God",1986,"N"],["Chinatown",1974,"N"],["Citizen_Kane",1941,"N"],["Cleopatra",1963,"N"],["Cold_Mountain",2003,"N"],["Coming_Home",1978,"Y"],["Cool_Hand_Luke",1967,"N"],["Crazy_Heart",2009,"Y"],["Cyrano_de_Bergerac",1950,"Y"],["Cyrano_de_Bergerac",1990,"N"],["Dallas_Buyers_Club",2013,"Y"],["Dances_with_Wolves",1990,"N"],["Dark_Eyes",1987,"N"],["Days_of_Wine_and_Roses",1962,"N"],["Dead_Man_Walking",1995,"N"],["Dead_Poets_Society",1989,"N"],["Death_of_a_Salesman",1951,"N"],["Divorce,_Italian_Style",1962,"N"],["Dog_Day_Afternoon",1975,"N"],["Dr._Strangelove",1964,"N"],["Driving_Miss_Daisy",1989,"N"],["East_of_Eden",1955,"N"],["Eastern_Promises",2007,"N"],["Educating_Rita",1983,"N"],["Elmer_Gantry",1960,"Y"],["Equus",1977,"N"],["Fanny",1961,"N"],["Father_of_the_Bride",1950,"N"],["Fiddler_on_the_Roof",1971,"N"],["Finding_Neverland",2004,"N"],["Five_Easy_Pieces",1970,"N"],["Flight",2012,"N"],["For_Whom_the_Bell_Tolls",1943,"N"],["Forrest_Gump",1994,"Y"],["From_Here_to_Eternity",1953,"N"],["Frost-Nixon",2008,"N"],["Gandhi",1982,"Y"],["Gangs_of_New_York",2002,"N"],["Gaslight",1944,"N"],["Gentlemans_Agreement",1947,"N"],["Giant",1956,"N"],["Give_em_Hell,_Harry!",1975,"N"],["Gladiator",2000,"Y"],["Gods_and_Monsters",1998,"N"],["Going_My_Way",1944,"N"],["Going_My_Way",1944,"Y"],["Good_Morning,_Vietnam",1987,"N"],["Good_Night,_and_Good_Luck",2005,"N"],["Good_Will_Hunting",1997,"N"],["Goodbye,_Mr._Chips",1969,"N"],["Guess_Whos_Coming_to_Dinner",1967,"N"],["Half_Nelson",2006,"N"],["Hamlet",1948,"Y"],["Harry_and_Tonto",1974,"Y"],["Harvey",1950,"N"],["Heaven_Can_Wait",1978,"N"],["Henry_V",1989,"N"],["Henry_V",1946,"N"],["Here_Comes_Mr._Jordan",1941,"N"],["High_Noon",1952,"Y"],["Hotel_Rwanda",2004,"N"],["House_of_Sand_and_Fog",2003,"N"],["Hud",1963,"N"],["Hustle_&_Flow",2005,"N"],["I_Am_Sam",2001,"N"],["I_Never_Sang_for_My_Father",1970,"N"],["Il_Postino",1995,"N"],["In_the_Bedroom",2001,"N"],["In_the_Heat_of_the_Night",1967,"Y"],["In_the_Name_of_the_Father",1993,"N"],["In_the_Valley_of_Elah",2007,"N"],["Inherit_the_Wind",1960,"N"],["Invictus",2009,"N"],["Ironweed",1987,"N"],["Its_a_Wonderful_Life",1946,"N"],["Jerry_Maguire",1996,"N"],["Johnny_Belinda",1948,"N"],["Judgment_at_Nuremberg",1961,"Y"],["Judgment_at_Nuremberg",1961,"N"],["Julius_Caesar",1953,"N"],["Kiss_of_the_Spider_Woman",1985,"Y"],["Kotch",1971,"N"],["Kramer_vs._Kramer",1979,"Y"],["Last_Tango_in_Paris",1973,"N"],["Lawrence_of_Arabia",1962,"N"],["Leaving_Las_Vegas",1995,"Y"],["Lenny",1974,"N"],["Les_Mis?rables",2012,"N"],["Life_Is_Beautiful",1998,"Y"],["Life_with_Father",1947,"N"],["Lilies_of_the_Field",1963,"Y"],["Lincoln",2012,"Y"],["Lost_in_Translation",2003,"N"],["Love_Me_or_Leave_Me",1955,"N"],["Love_Story",1970,"N"],["Lust_for_Life",1956,"N"],["Madame_Curie",1943,"N"],["Malcolm_X",1992,"N"],["Marty",1955,"Y"],["Michael_Clayton",2007,"N"],["Midnight_Cowboy",1969,"N"],["Milk",2008,"Y"],["Million_Dollar_Baby",2004,"N"],["Missing",1982,"N"],["Mississippi_Burning",1988,"N"],["Mona_Lisa",1986,"N"],["Moneyball",2011,"N"],["Moulin_Rouge",1952,"N"],["Mourning_Becomes_Electra",1947,"N"],["Mr._Hollands_Opus",1995,"N"],["Mrs._Miniver",1942,"N"],["Murder_on_the_Orient_Express",1974,"N"],["Murphys_Romance",1985,"N"],["My_Fair_Lady",1964,"Y"],["My_Favorite_Year",1982,"N"],["My_Left_Foot",1989,"Y"],["Mystic_River",2003,"Y"],["Nebraska",2013,"N"],["Network",1976,"N"],["Network",1976,"Y"],["Nixon",1995,"N"],["Nobodys_Fool",1994,"N"],["None_but_the_Lonely_Heart",1944,"N"],["Oliver!",1968,"N"],["On_Golden_Pond",1981,"Y"],["On_the_Waterfront",1954,"Y"],["One_Flew_Over_the_Cuckoos_Nest",1975,"Y"],["Othello",1965,"N"],["Patton",1970,"Y"],["Pelle_the_Conqueror",1988,"N"],["Penny_Serenade",1941,"N"],["Philadelphia",1993,"Y"],["Pirates_of_the_Caribbean:_The_Curse_of_the_Black_Pearl",2003,"N"],["Pollock",2000,"N"],["Prizzis_Honor",1985,"N"],["Pulp_Fiction",1994,"N"],["Quills",2000,"N"],["Raging_Bull",1980,"Y"],["Rain_Man",1988,"Y"],["Random_Harvest",1942,"N"],["Ray",2004,"Y"],["Rebecca",1940,"N"],["Reds",1981,"N"],["Reuben,_Reuben",1983,"N"],["Reversal_of_Fortune",1990,"Y"],["Richard_III",1956,"N"],["Rocky",1976,"N"],["Room_at_the_Top",1959,"N"],["Round_Midnight",1986,"N"],["Runaway_Train",1985,"N"],["Salvador",1986,"N"],["Sands_of_Iwo_Jima",1949,"N"],["Saturday_Night_Fever",1977,"N"],["Save_the_Tiger",1973,"Y"],["Saving_Private_Ryan",1998,"N"],["Sayonara",1957,"N"],["Scent_of_a_Woman",1992,"Y"],["Schindlers_List",1993,"N"],["Separate_Tables",1958,"Y"],["Sergeant_York",1941,"Y"],["Serpico",1973,"N"],["Seven_Beauties",1976,"N"],["Shine",1996,"Y"],["Ship_of_Fools",1965,"N"],["Silver_Linings_Playbook",2012,"N"],["Sitting_Pretty",1948,"N"],["Sleuth",1972,"N"],["Sling_Blade",1996,"N"],["Some_Like_It_Hot",1959,"N"],["Sons_and_Lovers",1960,"N"],["Sounder",1972,"N"],["Stalag_17",1953,"Y"],["Stand_and_Deliver",1988,"N"],["Starman",1984,"N"],["Sunday_Bloody_Sunday",1971,"N"],["Sunset_Boulevard",1950,"N"],["Sweeney_Todd:_The_Demon_Barber_of_Fleet_Street",2007,"N"],["Sweet_and_Lowdown",1999,"N"],["Taxi_Driver",1976,"N"],["Tender_Mercies",1983,"Y"],["The_African_Queen",1951,"Y"],["The_Apartment",1960,"N"],["The_Apostle",1997,"N"],["The_Artist",2011,"Y"],["The_Aviator",2004,"N"],["The_Bad_and_the_Beautiful",1952,"N"],["The_Bells_of_St._Marys",1945,"N"],["The_Best_Years_of_Our_Lives",1946,"Y"],["The_Boys_from_Brazil",1978,"N"],["The_Bridge_on_the_River_Kwai",1957,"Y"],["The_Buddy_Holly_Story",1978,"N"],["The_Caine_Mutiny",1954,"N"],["The_China_Syndrome",1979,"N"],["The_Color_of_Money",1986,"Y"],["The_Country_Girl",1954,"N"],["The_Crying_Game",1992,"N"],["The_Curious_Case_of_Benjamin_Button",2008,"N"],["The_Deer_Hunter",1978,"N"],["The_Defiant_Ones",1958,"N"],["The_Descendants",2011,"N"],["The_Devil_and_Daniel_Webster",1941,"N"],["The_Dresser",1983,"N"],["The_Elephant_Man",1980,"N"],["The_English_Patient",1996,"N"],["The_Entertainer",1960,"N"],["The_Field",1990,"N"],["The_Fisher_King",1991,"N"],["The_Fixer",1968,"N"],["The_French_Connection",1971,"Y"],["The_Godfather",1972,"Y"],["The_Godfather_Part_II",1974,"N"],["The_Goodbye_Girl",1977,"Y"],["The_Graduate",1967,"N"],["The_Grapes_of_Wrath",1940,"N"],["The_Great_Dictator",1940,"N"],["The_Great_Santini",1980,"N"],["The_Great_White_Hope",1970,"N"],["The_Hasty_Heart",1949,"N"],["The_Heart_Is_a_Lonely_Hunter",1968,"N"],["The_Hospital",1971,"N"],["The_Human_Comedy",1943,"N"],["The_Hurricane",1999,"N"],["The_Hurt_Locker",2009,"N"],["The_Hustler",1961,"N"],["The_Insider",1999,"N"],["The_Jolson_Story",1946,"N"],["The_Keys_of_the_Kingdom",1945,"N"],["The_Killing_Fields",1984,"N"],["The_King_and_I",1956,"Y"],["The_Kings_Speech",2010,"Y"],["The_Last_Angry_Man",1959,"N"],["The_Last_Detail",1973,"N"],["The_Last_King_of_Scotland",2006,"Y"],["The_Lavender_Hill_Mob",1952,"N"],["The_Lion_in_Winter",1968,"N"],["The_Lost_Weekend",1945,"Y"],["The_Madness_of_King_George",1994,"N"],["The_Magnificent_Yankee",1950,"N"],["The_Man_in_the_Glass_Booth",1975,"N"],["The_Man_with_the_Golden_Arm",1955,"N"],["The_Mark",1961,"N"],["The_Master",2012,"N"],["The_Old_Man_and_the_Sea",1958,"N"],["The_Pawnbroker",1965,"N"],["The_People_vs._Larry_Flynt",1996,"N"],["The_Philadelphia_Story",1940,"Y"],["The_Pianist",2002,"Y"],["The_Pied_Piper",1942,"N"],["The_Pride_of_the_Yankees",1942,"N"],["The_Prince_of_Tides",1991,"N"],["The_Pursuit_of_Happyness",2006,"N"],["The_Quiet_American",2002,"N"],["The_Remains_of_the_Day",1993,"N"],["The_Robe",1953,"N"],["The_Ruling_Class",1972,"N"],["The_Russians_Are_Coming,_the_Russians_Are_Coming",1966,"N"],["The_Sand_Pebbles",1966,"N"],["The_Search",1948,"N"],["The_Shawshank_Redemption",1994,"N"],["The_Silence_of_the_Lambs",1991,"Y"],["The_Social_Network",2010,"N"],["The_Spy_Who_Came_in_from_the_Cold",1965,"N"],["The_Sting",1973,"N"],["The_Straight_Story",1999,"N"],["The_Stunt_Man",1980,"N"],["The_Sunshine_Boys",1975,"N"],["The_Verdict",1982,"N"],["The_Visitor",2008,"N"],["The_Wolf_of_Wall_Street",2013,"N"],["The_Wrestler",2008,"N"],["The_Yearling",1946,"N"],["There_Will_Be_Blood",2007,"Y"],["This_Sporting_Life",1963,"N"],["Tinker_Tailor_Soldier_Spy",2011,"N"],["To_Kill_a_Mockingbird",1962,"Y"],["Tom_Jones",1963,"N"],["Tootsie",1982,"N"],["Training_Day",2001,"Y"],["Tribute",1980,"N"],["True_Grit",1969,"Y"],["True_Grit",2010,"N"],["Twelve_OClock_High",1949,"N"],["Ulees_Gold",1997,"N"],["Under_the_Volcano",1984,"N"],["Unforgiven",1992,"N"],["Up_in_the_Air",2009,"N"],["Venus",2006,"N"],["Viva_Zapata!",1952,"N"],["Wag_the_Dog",1997,"N"],["Walk_the_Line",2005,"N"],["Wall_Street",1987,"Y"],["Watch_on_the_Rhine",1943,"Y"],["Whats_Love_Got_to_Do_with_It",1993,"N"],["When_My_Baby_Smiles_at_Me",1948,"N"],["Whos_Afraid_of_Virginia_Woolf?",1966,"N"],["Wild_Is_the_Wind",1957,"N"],["Wilson",1944,"N"],["Witness",1985,"N"],["Witness_for_the_Prosecution",1957,"N"],["Yankee_Doodle_Dandy",1942,"Y"],["Zorba_the_Greek",1964,"N"]],"headers":["Title","Year","BestActor"],"rawHeaders":["TITLE","YEAR","BESTACTOR"]},"format":{"type":"TABLE"},"headerInfo":[{"alias":"Title","header":"Title","type":"STRING","derived":false},{"alias":"Year","header":"Year","type":"NUMBER","derived":false},{"alias":"BestActor","header":"BestActor","type":"STRING","derived":false}],"sortInfo":[],"numCollected":500,"taskOptions":{"0":{"layout":"Grid","alignment":{"label":["Title","Year","BestActor"]}}},"filterInfo":[],"taskId":"task1"},"operationType":["TASK_DATA"]}]}