{"engineId":"45de723b-5ba1-4334-88e7-f364693c06e7","engineName":"Actor","rdbmsId":"62569587-1c23-453d-8602-5fb8d22f1551","varstore":{},"frames":[{"file":"@BaseFolder@\\db\\@ENGINE@\\version\\62569587-1c23-453d-8602-5fb8d22f1551\\FRAME.gz","meta":"@BaseFolder@\\db\\@ENGINE@\\version\\62569587-1c23-453d-8602-5fb8d22f1551\\METADATA__FRAME.owl","state":null,"type":"prerna.ds.h2.H2Frame","name":"FRAME","keys":["$CUR_FRAME_KEY","FRAME"]}],"panels":[{"panelId":"0","panelLabel":null,"view":"visualization","viewOptions":null,"viewOptionsMap":"{}","ornaments":"{}","events":"{}","comments":"{}","position":"{}","filters":[],"order":[],"cbv":{}}],"tasks":{"tasks":[{"type":"basic","task":{"taskType":"basic","id":"task1","numCollected":500,"internalOffset":0,"taskOptions":"{\"options\":{\"0\":{\"layout\":\"Grid\",\"alignment\":{\"label\":[\"Actor\"]}}}}","qs":{"qsType":"FRAME","isDistinct":true,"overrideImplicit":false,"limit":0,"offset":0,"relations":"{}","selectors":["COLUMN",{"table":"Actor","column":"PRIM_KEY_PLACEHOLDER","alias":"Actor","tableAlias":null}]}}}],"taskCounter":2},"recipe":["AddPanel ( 0 ) ;","Panel ( 0 ) | SetPanelView ( \"visualization\" ) ;","CreateFrame ( grid ) .as ( [ FRAME ] ) ;","Database ( \"45de723b-5ba1-4334-88e7-f364693c06e7\" ) | Select ( Actor ) | Limit ( 500 ) | Import ( ) ;","Frame ( ) | Select ( Actor ) | Format ( type = [ 'table' ] ) | TaskOptions ( { \"0\" : { \"layout\" : \"Grid\" , \"alignment\" : { \"label\" : [ \"Actor\" ] } } } ) | Collect ( 500 ) ;"]}